{
  "threshold_source": "metrics.json",
  "threshold_used": 0.5082841030423673,
  "accuracy": 0.983716929647645,
  "precision": 0.9800716266173752,
  "recall": 0.988119503814571,
  "f1": 0.9840791114462198,
  "roc_auc": 0.9981686602220085,
  "pr_auc": 0.9980935375331644,
  "TN": 16200,
  "FP": 345,
  "FN": 204,
  "TP": 16967
}