{
  "model": "mnb",
  "val_best_threshold": 0.55,
  "pr_auc": 0.9996129569093546,
  "roc_auc": 0.9996160241940731,
  "classification_report": {
    "0": {
      "precision": 0.9919549477071601,
      "recall": 0.9935535858178888,
      "f1-score": 0.9927536231884058,
      "support": 2482.0
    },
    "1": {
      "precision": 0.9937791601866252,
      "recall": 0.9922360248447205,
      "f1-score": 0.993006993006993,
      "support": 2576.0
    },
    "accuracy": 0.9928825622775801,
    "macro avg": {
      "precision": 0.9928670539468927,
      "recall": 0.9928948053313047,
      "f1-score": 0.9928803080976993,
      "support": 5058.0
    },
    "weighted avg": {
      "precision": 0.9928840049129927,
      "recall": 0.9928825622775801,
      "f1-score": 0.9928826624633524,
      "support": 5058.0
    }
  },
  "confusion_matrix": [
    [
      2466,
      16
    ],
    [
      20,
      2556
    ]
  ]
}