{
  "model": "lr",
  "mode": "balanced",
  "threshold_used": 0.4602563029093278,
  "accuracy": 0.9909549228944247,
  "precision": 0.9870092378752887,
  "recall": 0.9953420669577875,
  "f1": 0.9911581388607045,
  "roc_auc": 0.999430691207386,
  "pr_auc": 0.999445375784807,
  "TN": 3264,
  "FP": 45,
  "FN": 16,
  "TP": 3419,
  "best_params": {
    "tfidf__ngram_range": [
      1,
      1
    ],
    "tfidf__min_df": 10,
    "tfidf__max_df": 0.95,
    "clf__penalty": "l2",
    "clf__class_weight": null,
    "clf__C": 18.73817422860385
  }
}