thr,spam_P,spam_R,spam_F1,ham_P,ham_R,ham_F1,TN,FP,FN,TP
0.45,0.9867702041990222,0.9988355167394468,0.9927662037037037,0.9987756351392715,0.9860985191900876,0.9923965936739659,3263,46,4,3431
0.5,0.9890395154312085,0.9982532751091703,0.9936250362213851,0.9981690570643882,0.9885161680265941,0.9933191618584877,3271,38,6,3429
0.55,0.9916087962962963,0.9976710334788937,0.9946306776955449,0.9975669099756691,0.991236022967664,0.9943913900257693,3280,29,8,3427
0.6,0.9930374238468234,0.9965065502183406,0.994768962510898,0.9963603275705186,0.9927470534904805,0.9945504087193461,3285,24,12,3423
0.65,0.9944670937682003,0.9941775836972343,0.9943223176590479,0.9939577039274925,0.9942580840132971,0.9941078712796495,3290,19,20,3415
0.7,0.9956024626209323,0.988646288209607,0.9921121822962313,0.9882988298829883,0.9954669084315503,0.991869918699187,3294,15,39,3396
0.75,0.9973293768545994,0.9784570596797671,0.9878030859662014,0.978067575577949,0.9972801450589301,0.9875804279515188,3300,9,74,3361
