{
  "model": "mnb",
  "mode": "balanced",
  "threshold_used": 0.5082841030423673,
  "accuracy": 0.9850237247924081,
  "precision": 0.9817919075144509,
  "recall": 0.9889374090247453,
  "f1": 0.98535170413343,
  "roc_auc": 0.9981927459097701,
  "pr_auc": 0.9979889938472808,
  "TN": 3246,
  "FP": 63,
  "FN": 38,
  "TP": 3397,
  "best_params": {
    "tfidf__ngram_range": [
      1,
      2
    ],
    "tfidf__min_df": 5,
    "tfidf__max_df": 0.95,
    "clf__fit_prior": true,
    "clf__alpha": 0.001
  }
}