thr,spam_P,spam_R,spam_F1,ham_P,ham_R,ham_F1,TN,FP,FN,TP
0.3,0.9841908594423685,0.9967976710334789,0.9904541509979751,0.9966309341500765,0.9833786642490179,0.9899604502585945,3254,55,11,3424
0.35,0.9850273538727325,0.995924308588064,0.9904458598726115,0.9957199633139713,0.9842852825627078,0.9899696048632218,3257,52,14,3421
0.4,0.9867167196072769,0.994759825327511,0.9907219483908379,0.9945138677232551,0.9860985191900876,0.9902883156297421,3263,46,18,3417
0.45,0.9881434355118566,0.994759825327511,0.991440591904831,0.9945222154595252,0.9876095497129042,0.9910538286580743,3268,41,18,3417
0.5,0.9881193856853087,0.992721979621543,0.9904153354632588,0.9924081384755542,0.9876095497129042,0.9900030293850348,3268,41,25,3410
0.55,0.9897810218978103,0.9868995633187773,0.9883381924198251,0.9864416993070202,0.989422786340284,0.987929993964997,3274,35,45,3390
0.6,0.9903508771929824,0.9860262008733625,0.9881838074398249,0.9855595667870036,0.9900271985494107,0.9877883310719131,3276,33,48,3387
