{
  "threshold_source": "metrics.json",
  "threshold_used": 0.4602563029093278,
  "accuracy": 0.9963815399216989,
  "precision": 0.9947762493470311,
  "recall": 0.9981363927552268,
  "f1": 0.996453488372093,
  "roc_auc": 0.9997868136657986,
  "pr_auc": 0.9997648274934324,
  "TN": 16455,
  "FP": 90,
  "FN": 32,
  "TP": 17139
}