{
  "model": "lr",
  "val_best_threshold": 0.6,
  "pr_auc": 0.9989519131757749,
  "roc_auc": 0.9990390438486293,
  "classification_report": {
    "0": {
      "precision": 0.9891435464414958,
      "recall": 0.9911361804995971,
      "f1-score": 0.9901388609378144,
      "support": 2482.0
    },
    "1": {
      "precision": 0.9914430182808246,
      "recall": 0.9895186335403726,
      "f1-score": 0.9904798911987566,
      "support": 2576.0
    },
    "accuracy": 0.9903123764333729,
    "macro avg": {
      "precision": 0.9902932823611602,
      "recall": 0.9903274070199848,
      "f1-score": 0.9903093760682855,
      "support": 5058.0
    },
    "weighted avg": {
      "precision": 0.9903146495372078,
      "recall": 0.9903123764333729,
      "f1-score": 0.9903125449932094,
      "support": 5058.0
    }
  },
  "confusion_matrix": [
    [
      2460,
      22
    ],
    [
      27,
      2549
    ]
  ]
}